{"s_grid": [0.2, 0.3, 0.4, 0.5, 0.7], "targets": {"q99": 0.01, "q95": 0.05}, "fpr_ci": {"VN:E-9": {"q99": [0.014783500000000002, 0.009, 0.01773333333333297], "q95": [0.06000616666666667, 0.04, 0.08133333333333333], "n": 1000, "low": false}, "NP:D-2": {"q99": [0.015061, 0.009, 0.019], "q95": [0.05956833333333333, 0.04733333333333333, 0.076], "n": 1000, "low": false}}, "gap_curve": {"VN:E-9": [0.22166666666666668, 0.45166666666666666, 0.7233333333333334, 0.79, 0.9933333333333333], "NP:D-2": [0.21, 0.37833333333333335, 0.62, 0.8566666666666667, 1.0]}}