{"targets": {"fpr99": 0.010000000000000009, "fpr95": 0.050000000000000044}, "curves": {"VN:E-9": {"n": [64, 128, 256, 512, 1000, 2000, 4000], "fpr99_mu": [0.0045000000000000005, 0.007566666666666668, 0.008633333333333333, 0.010333333333333335, 0.009633333333333334, 0.00846666666666667, 0.009133333333333334], "fpr99_sd": [0.007289261508090742, 0.0085534918145879, 0.006040051508242477, 0.004407065034943576, 0.0054968677949861185, 0.0032479053078698105, 0.0025460208605237746], "fpr95_mu": [0.054566666666666666, 0.04233333333333333, 0.055733333333333336, 0.045766666666666664, 0.04633333333333334, 0.0454, 0.04710000000000001], "fpr95_sd": [0.024870911165902673, 0.012032825474047602, 0.012327295819530827, 0.005306809043316163, 0.003960920207336787, 0.002274496281230931, 0.0014742229591663998], "roc_mu": [0.977030625, 0.9854868750000001, 0.9850662083333334, 0.9857793333333333, 0.9860585416666666, 0.986212625, 0.985742125], "roc_sd": [0.012129156244270125, 0.002172785989998414, 0.0011140112971325176, 0.001229906108092093, 0.0008361671192943207, 0.0008705807807626788, 0.0006466824310793486]}, "NP:D-2": {"n": [64, 128, 256, 512, 1000, 2000, 4000], "fpr99_mu": [0.0037000000000000006, 0.009733333333333335, 0.0086, 0.010500000000000002, 0.012233333333333337, 0.01146666666666667, 0.011800000000000001], "fpr99_sd": [0.004567274898667695, 0.008533984350166626, 0.0049267974723275695, 0.004151305015694864, 0.0031297852251481336, 0.0029408993333483705, 0.0018147543451754935], "fpr95_mu": [0.0592, 0.0727, 0.058166666666666665, 0.05566666666666666, 0.057566666666666676, 0.054299999999999994, 0.05430000000000002], "fpr95_sd": [0.02143968283347494, 0.025209654235365204, 0.013872835166452296, 0.008295915996574593, 0.006521417705444799, 0.0049220591896752585, 0.002803569153775238], "roc_mu": [0.9006090625000002, 0.9048209791666667, 0.9032182499999999, 0.9045762083333334, 0.9059474583333333, 0.9032077916666669, 0.9050777083333333], "roc_sd": [0.009542446420331387, 0.005209869318761911, 0.004738773340310073, 0.003652016284324592, 0.003564513074994323, 0.0034134421003178266, 0.002812901884867126]}}}