{"q": {"review": 0.95, "soft_block": 0.99}, "s_fixed": 0.3, "curves": {"VN:E-9": {"s": [0.0, 0.1, 0.2, 0.3, 0.4, 0.5, 0.7, 1.0], "model": [0.02, 0.12, 0.225, 0.5, 0.705, 0.835, 0.9875, 1.0], "rule": [0.0, 0.0, 0.0, 0.0, 0.0, 0.0, 0.0075, 1.0], "or_": [0.02, 0.12, 0.225, 0.5, 0.705, 0.835, 0.9875, 1.0]}, "NP:D-2": {"s": [0.0, 0.1, 0.2, 0.3, 0.4, 0.5, 0.7, 1.0], "model": [0.0, 0.005, 0.0875, 0.255, 0.4525, 0.57, 0.9625, 1.0], "rule": [0.0, 0.0, 0.0, 0.0, 0.0, 0.0, 0.0, 0.0], "or_": [0.0, 0.005, 0.0875, 0.255, 0.4525, 0.57, 0.9625, 1.0]}}, "pr": {"VN:E-9": {"roc": 0.9834333333333334, "ap": 0.9860352635284767, "n_normal": 300, "n_anom": 400, "recall": [1.0, 1.0, 1.0, 1.0, 1.0, 1.0, 1.0, 1.0, 1.0, 1.0, 1.0, 1.0, 1.0, 1.0, 1.0, 1.0, 1.0, 1.0, 1.0, 1.0, 1.0, 1.0, 1.0, 1.0, 1.0, 1.0, 1.0, 1.0, 1.0, 1.0, 1.0, 1.0, 1.0, 1.0, 1.0, 1.0, 1.0, 1.0, 1.0, 1.0, 1.0, 1.0, 1.0, 1.0, 1.0, 1.0, 1.0, 1.0, 1.0, 1.0, 1.0, 1.0, 1.0, 1.0, 1.0, 1.0, 1.0, 1.0, 1.0, 1.0, 1.0, 1.0, 1.0, 1.0, 1.0, 1.0, 1.0, 1.0, 1.0, 1.0, 1.0, 1.0, 1.0, 1.0, 1.0, 1.0, 1.0, 1.0, 1.0, 1.0, 1.0, 1.0, 1.0, 1.0, 1.0, 1.0, 1.0, 1.0, 1.0, 1.0, 1.0, 1.0, 1.0, 1.0, 1.0, 1.0, 1.0, 1.0, 1.0, 1.0, 1.0, 1.0, 0.9975, 0.9975, 0.9975, 0.9975, 0.9975, 0.9975, 0.9975, 0.9975, 0.9975, 0.9975, 0.9975, 0.9975, 0.9975, 0.9975, 0.9975, 0.9975, 0.9975, 0.995, 0.995, 0.995, 0.995, 0.995, 0.995, 0.995, 0.995, 0.995, 0.995, 0.995, 0.995, 0.995, 0.995, 0.995, 0.995, 0.995, 0.995, 0.995, 0.995, 0.995, 0.995, 0.995, 0.995, 0.995, 0.995, 0.995, 0.995, 0.995, 0.995, 0.995, 0.995, 0.995, 0.995, 0.995, 0.995, 0.995, 0.995, 0.995, 0.995, 0.995, 0.995, 0.995, 0.995, 0.995, 0.995, 0.995, 0.9925, 0.9925, 0.9925, 0.9925, 0.99, 0.99, 0.99, 0.99, 0.99, 0.99, 0.99, 0.99, 0.99, 0.99, 0.9875, 0.985, 0.9825, 0.9825, 0.98, 0.98, 0.98, 0.98, 0.9775, 0.9775, 0.9775, 0.9725, 0.9725, 0.9725, 0.96, 0.96, 0.9575, 0.9575, 0.955, 0.94, 0.94, 0.935, 0.9325, 0.9125, 0.91, 0.8925, 0.8675, 0.8625, 0.8525, 0.84, 0.75, 0.7425, 0.725, 0.7125, 0.71, 0.7, 0.695, 0.6875, 0.685, 0.6775, 0.63, 0.615, 0.6125, 0.605, 0.5825, 0.545, 0.0], "precision": [0.5714, 0.5731, 0.5739, 0.5747, 0.5755, 0.5764, 0.578, 0.5789, 0.5797, 0.5806, 0.5814, 0.5822, 0.5831, 0.5839, 0.5848, 0.5857, 0.5882, 0.5891, 0.59, 0.5908, 0.5917, 0.5926, 0.5944, 0.5952, 0.597, 0.5979, 0.5988, 0.6006, 0.6015, 0.6024, 0.6033, 0.6051, 0.6061, 0.607, 0.6079, 0.6088, 0.6098, 0.6107, 0.6116, 0.6126, 0.6135, 0.6144, 0.6154, 0.6173, 0.6211, 0.6221, 0.6231, 0.626, 0.627, 0.6289, 0.6309, 0.6319, 0.6329, 0.6359, 0.638, 0.639, 0.641, 0.6421, 0.6441, 0.6462, 0.6472, 0.6494, 0.6504, 0.6515, 0.6536, 0.6557, 0.6568, 0.6579, 0.659, 0.6601, 0.6633, 0.6645, 0.6656, 0.6689, 0.67, 0.6711, 0.6734, 0.6757, 0.6768, 0.678, 0.6791, 0.6814, 0.6826, 0.6838, 0.6849, 0.6861, 0.6873, 0.6908, 0.692, 0.6932, 0.6944, 0.6969, 0.6981, 0.6993, 0.7005, 0.7055, 0.708, 0.7092, 0.7105, 0.7117, 0.713, 0.7143, 0.7241, 0.7255, 0.7281, 0.7294, 0.7321, 0.7335, 0.7348, 0.7375, 0.7403, 0.7416, 0.743, 0.7444, 0.7458, 0.7486, 0.75, 0.7514, 0.7557, 0.7567, 0.7581, 0.761, 0.7654, 0.7698, 0.7713, 0.7728, 0.7743, 0.7758, 0.7773, 0.7789, 0.7804, 0.7819, 0.785, 0.7866, 0.7913, 0.7928, 0.7944, 0.7976, 0.7992, 0.8008, 0.8024, 0.8089, 0.8106, 0.8122, 0.8139, 0.8156, 0.8172, 0.8206, 0.8223, 0.8274, 0.8292, 0.8309, 0.8326, 0.8344, 0.8361, 0.8379, 0.8397, 0.8414, 0.8432, 0.8468, 0.8504, 0.8541, 0.8596, 0.8615, 0.8633, 0.869, 0.8687, 0.8706, 0.8725, 0.8744, 0.878, 0.882, 0.8839, 0.8859, 0.8919, 0.8939, 0.9, 0.9021, 0.9041, 0.9062, 0.908, 0.9184, 0.9182, 0.9204, 0.9202, 0.9224, 0.9245, 0.9267, 0.9332, 0.9354, 0.9399, 0.9396, 0.9419, 0.9442, 0.9505, 0.9552, 0.9551, 0.9575, 0.9574, 0.9592, 0.9616, 0.9639, 0.9638, 0.9656, 0.9655, 0.9649, 0.9666, 0.9718, 0.9715, 0.9711, 0.974, 0.9738, 0.9764, 0.976, 0.9759, 0.9756, 0.9789, 0.9821, 0.9821, 0.9819, 0.9921, 0.9919, 0.9919, 0.9918, 0.9957, 1.0, 1.0]}, "NP:D-2": {"roc": 0.9036666666666666, "ap": 0.9380141127007104, "n_normal": 300, "n_anom": 400, "recall": [1.0, 0.9975, 0.9975, 0.9975, 0.9975, 0.9975, 0.9975, 0.9975, 0.9975, 0.9975, 0.9975, 0.9975, 0.9975, 0.9975, 0.9975, 0.9975, 0.9975, 0.995, 0.995, 0.995, 0.995, 0.995, 0.995, 0.995, 0.995, 0.99, 0.99, 0.9875, 0.9875, 0.9875, 0.9875, 0.985, 0.985, 0.9825, 0.9825, 0.9825, 0.9825, 0.98, 0.98, 0.98, 0.98, 0.9775, 0.9775, 0.975, 0.975, 0.975, 0.9725, 0.9725, 0.9725, 0.9725, 0.9725, 0.9725, 0.9725, 0.9725, 0.9725, 0.9725, 0.9725, 0.9725, 0.9725, 0.9725, 0.9725, 0.9725, 0.9725, 0.9725, 0.9725, 0.9725, 0.9725, 0.9725, 0.9725, 0.97, 0.97, 0.9675, 0.9675, 0.9675, 0.9675, 0.9675, 0.9675, 0.9675, 0.9675, 0.965, 0.965, 0.965, 0.9625, 0.96, 0.96, 0.96, 0.96, 0.955, 0.9525, 0.9525, 0.9525, 0.95, 0.95, 0.95, 0.95, 0.95, 0.95, 0.9475, 0.9475, 0.9475, 0.9475, 0.9475, 0.9475, 0.9475, 0.9475, 0.9475, 0.9475, 0.9475, 0.9475, 0.9475, 0.9475, 0.945, 0.945, 0.945, 0.945, 0.9425, 0.9425, 0.9425, 0.9425, 0.9425, 0.94, 0.94, 0.9375, 0.9375, 0.9375, 0.935, 0.935, 0.9325, 0.9325, 0.9325, 0.93, 0.93, 0.93, 0.93, 0.93, 0.93, 0.93, 0.93, 0.93, 0.93, 0.93, 0.925, 0.925, 0.925, 0.925, 0.9225, 0.9225, 0.9175, 0.915, 0.915, 0.915, 0.915, 0.915, 0.915, 0.915, 0.9125, 0.9125, 0.91, 0.91, 0.91, 0.91, 0.905, 0.905, 0.9025, 0.9025, 0.9025, 0.9, 0.9, 0.8975, 0.895, 0.89, 0.89, 0.89, 0.89, 0.8875, 0.885, 0.88, 0.88, 0.8775, 0.8725, 0.87, 0.865, 0.8625, 0.8575, 0.8575, 0.8575, 0.855, 0.855, 0.8525, 0.85, 0.85, 0.85, 0.8475, 0.8425, 0.84, 0.8375, 0.8375, 0.835, 0.8325, 0.8275, 0.8225, 0.8225, 0.82, 0.815, 0.815, 0.8075, 0.805, 0.805, 0.7975, 0.795, 0.79, 0.79, 0.785, 0.785, 0.78, 0.78, 0.775, 0.7725, 0.77, 0.76, 0.7575, 0.7575, 0.755, 0.7525, 0.7375, 0.735, 0.7275, 0.725, 0.7075, 0.705, 0.7025, 0.6975, 0.685, 0.6775, 0.665, 0.66, 0.655, 0.65, 0.64, 0.615, 0.59, 0.585, 0.5825, 0.565, 0.4475, 0.4425, 0.4, 0.3975, 0.37, 0.0], "precision": [0.5714, 0.5708, 0.5716, 0.5725, 0.5733, 0.5741, 0.5749, 0.5758, 0.5766, 0.5791, 0.5808, 0.5816, 0.5825, 0.5842, 0.585, 0.5859, 0.5868, 0.5862, 0.587, 0.5879, 0.5888, 0.5896, 0.5905, 0.5914, 0.5923, 0.591, 0.5919, 0.5913, 0.5931, 0.5958, 0.5967, 0.5961, 0.597, 0.5973, 0.5982, 0.5991, 0.6, 0.5994, 0.6022, 0.6031, 0.604, 0.6053, 0.6062, 0.6056, 0.6065, 0.6084, 0.6078, 0.6097, 0.6107, 0.6116, 0.6136, 0.6145, 0.6155, 0.6194, 0.6204, 0.6214, 0.6234, 0.6244, 0.6264, 0.6274, 0.6284, 0.6294, 0.6305, 0.6336, 0.6346, 0.6356, 0.6367, 0.6377, 0.6398, 0.6392, 0.6413, 0.6407, 0.6418, 0.6429, 0.6439, 0.645, 0.6472, 0.6482, 0.6493, 0.6498, 0.6509, 0.6531, 0.6525, 0.652, 0.6531, 0.6553, 0.6564, 0.6564, 0.6558, 0.6569, 0.658, 0.6586, 0.6597, 0.6609, 0.6714, 0.6726, 0.6738, 0.6732, 0.6756, 0.6768, 0.678, 0.6804, 0.6817, 0.6829, 0.6841, 0.6878, 0.6891, 0.6903, 0.6929, 0.6941, 0.6954, 0.6961, 0.6974, 0.7, 0.7013, 0.702, 0.7034, 0.7047, 0.7073, 0.7086, 0.7081, 0.7094, 0.7102, 0.7143, 0.717, 0.7165, 0.7179, 0.7173, 0.7201, 0.7215, 0.7251, 0.7266, 0.7294, 0.7308, 0.7323, 0.7352, 0.7366, 0.7396, 0.7425, 0.744, 0.747, 0.749, 0.7505, 0.7536, 0.7551, 0.7546, 0.7561, 0.7567, 0.7578, 0.7593, 0.7609, 0.7625, 0.7641, 0.7673, 0.7722, 0.7783, 0.7799, 0.7845, 0.7862, 0.7879, 0.7913, 0.7921, 0.7939, 0.7934, 0.7952, 0.7969, 0.7965, 0.8018, 0.8031, 0.8045, 0.8036, 0.8054, 0.8073, 0.8091, 0.8087, 0.8101, 0.8129, 0.8148, 0.8144, 0.8154, 0.815, 0.8219, 0.8214, 0.8265, 0.8285, 0.8325, 0.8362, 0.8382, 0.842, 0.8416, 0.8437, 0.8458, 0.8454, 0.851, 0.8506, 0.8546, 0.8568, 0.8608, 0.8605, 0.8597, 0.8613, 0.8658, 0.8677, 0.8693, 0.874, 0.8753, 0.875, 0.8774, 0.8764, 0.876, 0.8852, 0.8876, 0.8895, 0.892, 0.894, 0.8966, 0.9038, 0.9088, 0.9086, 0.9129, 0.9154, 0.9238, 0.9264, 0.9262, 0.9306, 0.9363, 0.9387, 0.9385, 0.9497, 0.9625, 0.9623, 0.9654, 0.9648, 0.9713, 0.9708, 0.9706, 0.9704, 0.9738, 0.9771, 0.9801, 0.9793, 0.9791, 0.979, 0.9826, 0.989, 0.9888, 1.0, 1.0, 1.0, 1.0]}}, "kcurve": {"k": [0.0, 0.05, 0.1, 0.15, 0.2, 0.3, 0.5], "recall": [1.0, 1.0, 1.0, 1.0, 1.0, 1.0, 1.0]}, "held_fpr": {"VN:E-9": {"model": [0.06666666666666667, 0.016666666666666666], "rule": [0.0, 0.0], "or_": [0.06666666666666667, 0.016666666666666666]},